ticker,cik,concept,xbrl_tag,fiscal_year,period_end,first_filed,lag_days,filed_reliable,original_value,latest_value,restated,qa_status
AAPL,320193,Revenue,RevenueFromContractWithCustomerExcludingAssessedTax,2025,2025-09-27,2025-10-31,34,True,416161000000,416161000000,False,clean
AAPL,320193,Revenue,RevenueFromContractWithCustomerExcludingAssessedTax,2024,2024-09-28,2024-11-01,34,True,391035000000,391035000000,False,clean
AAPL,320193,Revenue,RevenueFromContractWithCustomerExcludingAssessedTax,2023,2023-09-30,2023-11-03,34,True,383285000000,383285000000,False,clean
AAPL,320193,NetIncome,NetIncomeLoss,2025,2025-09-27,2025-10-31,34,True,112010000000,112010000000,False,clean
AAPL,320193,NetIncome,NetIncomeLoss,2024,2024-09-28,2024-11-01,34,True,93736000000,93736000000,False,clean
AAPL,320193,NetIncome,NetIncomeLoss,2023,2023-09-30,2023-11-03,34,True,96995000000,96995000000,False,clean
AAPL,320193,Assets,Assets,2025,2025-09-27,2025-10-31,34,True,359241000000,359241000000,False,clean
AAPL,320193,Assets,Assets,2024,2024-09-28,2024-11-01,34,True,364980000000,364980000000,False,clean
AAPL,320193,Assets,Assets,2023,2023-09-30,2023-11-03,34,True,352583000000,352583000000,False,clean
AAPL,320193,StockholdersEquity,StockholdersEquity,2025,2025-09-27,2025-10-31,34,True,73733000000,73733000000,False,clean
AAPL,320193,StockholdersEquity,StockholdersEquity,2024,2024-09-28,2024-11-01,34,True,56950000000,56950000000,False,clean
AAPL,320193,StockholdersEquity,StockholdersEquity,2023,2023-09-30,2023-11-03,34,True,62146000000,62146000000,False,clean
AAPL,320193,OperatingCashFlow,NetCashProvidedByUsedInOperatingActivities,2025,2025-09-27,2025-10-31,34,True,111482000000,111482000000,False,clean
AAPL,320193,OperatingCashFlow,NetCashProvidedByUsedInOperatingActivities,2024,2024-09-28,2024-11-01,34,True,118254000000,118254000000,False,clean
AAPL,320193,OperatingCashFlow,NetCashProvidedByUsedInOperatingActivities,2023,2023-09-30,2023-11-03,34,True,110543000000,110543000000,False,clean
AAPL,320193,EPSDiluted,EarningsPerShareDiluted,2025,2025-09-27,2025-10-31,34,True,7.46,7.46,False,clean
AAPL,320193,EPSDiluted,EarningsPerShareDiluted,2024,2024-09-28,2024-11-01,34,True,6.08,6.08,False,clean
AAPL,320193,EPSDiluted,EarningsPerShareDiluted,2023,2023-09-30,2023-11-03,34,True,6.13,6.13,False,clean
AAPL,320193,DilutedShares,WeightedAverageNumberOfDilutedSharesOutstanding,2025,2025-09-27,2025-10-31,34,True,15004697000,15004697000,False,clean
AAPL,320193,DilutedShares,WeightedAverageNumberOfDilutedSharesOutstanding,2024,2024-09-28,2024-11-01,34,True,15408095000,15408095000,False,clean
AAPL,320193,DilutedShares,WeightedAverageNumberOfDilutedSharesOutstanding,2023,2023-09-30,2023-11-03,34,True,15812547000,15812547000,False,clean
AAPL,320193,GrossProfit,GrossProfit,2025,2025-09-27,2025-10-31,34,True,195201000000,195201000000,False,clean
AAPL,320193,GrossProfit,GrossProfit,2024,2024-09-28,2024-11-01,34,True,180683000000,180683000000,False,clean
AAPL,320193,GrossProfit,GrossProfit,2023,2023-09-30,2023-11-03,34,True,169148000000,169148000000,False,clean
AAPL,320193,OperatingIncome,OperatingIncomeLoss,2025,2025-09-27,2025-10-31,34,True,133050000000,133050000000,False,clean
AAPL,320193,OperatingIncome,OperatingIncomeLoss,2024,2024-09-28,2024-11-01,34,True,123216000000,123216000000,False,clean
AAPL,320193,OperatingIncome,OperatingIncomeLoss,2023,2023-09-30,2023-11-03,34,True,114301000000,114301000000,False,clean
AAPL,320193,PretaxIncome,IncomeLossFromContinuingOperationsBeforeIncomeTaxesExtraordinaryItemsNoncontrollingInterest,2025,2025-09-27,2025-10-31,34,True,132729000000,132729000000,False,clean
AAPL,320193,PretaxIncome,IncomeLossFromContinuingOperationsBeforeIncomeTaxesExtraordinaryItemsNoncontrollingInterest,2024,2024-09-28,2024-11-01,34,True,123485000000,123485000000,False,clean
AAPL,320193,PretaxIncome,IncomeLossFromContinuingOperationsBeforeIncomeTaxesExtraordinaryItemsNoncontrollingInterest,2023,2023-09-30,2023-11-03,34,True,113736000000,113736000000,False,clean
AAPL,320193,IncomeTaxExpense,IncomeTaxExpenseBenefit,2025,2025-09-27,2025-10-31,34,True,20719000000,20719000000,False,clean
AAPL,320193,IncomeTaxExpense,IncomeTaxExpenseBenefit,2024,2024-09-28,2024-11-01,34,True,29749000000,29749000000,False,clean
AAPL,320193,IncomeTaxExpense,IncomeTaxExpenseBenefit,2023,2023-09-30,2023-11-03,34,True,16741000000,16741000000,False,clean
AAPL,320193,CapitalExpenditures,PaymentsToAcquirePropertyPlantAndEquipment,2025,2025-09-27,2025-10-31,34,True,12715000000,12715000000,False,clean
AAPL,320193,CapitalExpenditures,PaymentsToAcquirePropertyPlantAndEquipment,2024,2024-09-28,2024-11-01,34,True,9447000000,9447000000,False,clean
AAPL,320193,CapitalExpenditures,PaymentsToAcquirePropertyPlantAndEquipment,2023,2023-09-30,2023-11-03,34,True,10959000000,10959000000,False,clean
AAPL,320193,CashAndCashEquivalents,CashAndCashEquivalentsAtCarryingValue,2025,2025-09-27,2025-10-31,34,True,35934000000,35934000000,False,clean
AAPL,320193,CashAndCashEquivalents,CashAndCashEquivalentsAtCarryingValue,2024,2024-09-28,2024-11-01,34,True,29943000000,29943000000,False,clean
AAPL,320193,CashAndCashEquivalents,CashAndCashEquivalentsAtCarryingValue,2023,2023-09-30,2023-11-03,34,True,29965000000,29965000000,False,clean
AAPL,320193,CurrentAssets,AssetsCurrent,2025,2025-09-27,2025-10-31,34,True,147957000000,147957000000,False,clean
AAPL,320193,CurrentAssets,AssetsCurrent,2024,2024-09-28,2024-11-01,34,True,152987000000,152987000000,False,clean
AAPL,320193,CurrentAssets,AssetsCurrent,2023,2023-09-30,2023-11-03,34,True,143566000000,143566000000,False,clean
AAPL,320193,CurrentLiabilities,LiabilitiesCurrent,2025,2025-09-27,2025-10-31,34,True,165631000000,165631000000,False,clean
AAPL,320193,CurrentLiabilities,LiabilitiesCurrent,2024,2024-09-28,2024-11-01,34,True,176392000000,176392000000,False,clean
AAPL,320193,CurrentLiabilities,LiabilitiesCurrent,2023,2023-09-30,2023-11-03,34,True,145308000000,145308000000,False,clean
AAPL,320193,NetPPE,PropertyPlantAndEquipmentNet,2025,2025-09-27,2025-10-31,34,True,49834000000,49834000000,False,clean
AAPL,320193,NetPPE,PropertyPlantAndEquipmentNet,2024,2024-09-28,2024-11-01,34,True,45680000000,45680000000,False,clean
AAPL,320193,NetPPE,PropertyPlantAndEquipmentNet,2023,2023-09-30,2023-11-03,34,True,43715000000,43715000000,False,clean
NVDA,1045810,Revenue,Revenues,2026,2026-01-25,2026-02-25,31,True,215938000000,215938000000,False,clean
NVDA,1045810,Revenue,Revenues,2025,2025-01-26,2025-02-26,31,True,130497000000,130497000000,False,clean
NVDA,1045810,Revenue,Revenues,2024,2024-01-28,2024-02-21,24,True,60922000000,60922000000,False,clean
NVDA,1045810,NetIncome,NetIncomeLoss,2026,2026-01-25,2026-02-25,31,True,120067000000,120067000000,False,clean
NVDA,1045810,NetIncome,NetIncomeLoss,2025,2025-01-26,2025-02-26,31,True,72880000000,72880000000,False,clean
NVDA,1045810,NetIncome,NetIncomeLoss,2024,2024-01-28,2024-02-21,24,True,29760000000,29760000000,False,clean
NVDA,1045810,Assets,Assets,2026,2026-01-25,2026-02-25,31,True,206803000000,206803000000,False,clean
NVDA,1045810,Assets,Assets,2025,2025-01-26,2025-02-26,31,True,111601000000,111601000000,False,clean
NVDA,1045810,Assets,Assets,2024,2024-01-28,2024-02-21,24,True,65728000000,65728000000,False,clean
NVDA,1045810,StockholdersEquity,StockholdersEquity,2026,2026-01-25,2026-02-25,31,True,157293000000,157293000000,False,clean
NVDA,1045810,StockholdersEquity,StockholdersEquity,2025,2025-01-26,2025-02-26,31,True,79327000000,79327000000,False,clean
NVDA,1045810,StockholdersEquity,StockholdersEquity,2024,2024-01-28,2024-02-21,24,True,42978000000,42978000000,False,clean
NVDA,1045810,OperatingCashFlow,NetCashProvidedByUsedInOperatingActivities,2026,2026-01-25,2026-02-25,31,True,102718000000,102718000000,False,clean
NVDA,1045810,OperatingCashFlow,NetCashProvidedByUsedInOperatingActivities,2025,2025-01-26,2025-02-26,31,True,64089000000,64089000000,False,clean
NVDA,1045810,OperatingCashFlow,NetCashProvidedByUsedInOperatingActivities,2024,2024-01-28,2024-02-21,24,True,28090000000,28090000000,False,clean
NVDA,1045810,EPSDiluted,EarningsPerShareDiluted,2026,2026-01-25,2026-02-25,31,True,4.9,4.9,False,clean
NVDA,1045810,EPSDiluted,EarningsPerShareDiluted,2025,2025-01-26,2025-02-26,31,True,2.94,2.94,False,clean
NVDA,1045810,EPSDiluted,EarningsPerShareDiluted,2024,2024-01-28,2024-02-21,24,True,11.93,1.19,True,clean
NVDA,1045810,DilutedShares,WeightedAverageNumberOfDilutedSharesOutstanding,2026,2026-01-25,2026-02-25,31,True,24514000000,24514000000,False,clean
NVDA,1045810,DilutedShares,WeightedAverageNumberOfDilutedSharesOutstanding,2025,2025-01-26,2025-02-26,31,True,24804000000,24804000000,False,clean
NVDA,1045810,DilutedShares,WeightedAverageNumberOfDilutedSharesOutstanding,2024,2024-01-28,2024-02-21,24,True,2494000000,24940000000,True,clean
NVDA,1045810,GrossProfit,GrossProfit,2026,2026-01-25,2026-02-25,31,True,153463000000,153463000000,False,clean
NVDA,1045810,GrossProfit,GrossProfit,2025,2025-01-26,2025-02-26,31,True,97858000000,97858000000,False,clean
NVDA,1045810,GrossProfit,GrossProfit,2024,2024-01-28,2024-02-21,24,True,44301000000,44301000000,False,clean
NVDA,1045810,OperatingIncome,OperatingIncomeLoss,2026,2026-01-25,2026-02-25,31,True,130387000000,130387000000,False,clean
NVDA,1045810,OperatingIncome,OperatingIncomeLoss,2025,2025-01-26,2025-02-26,31,True,81453000000,81453000000,False,clean
NVDA,1045810,OperatingIncome,OperatingIncomeLoss,2024,2024-01-28,2024-02-21,24,True,32972000000,32972000000,False,clean
NVDA,1045810,PretaxIncome,IncomeLossFromContinuingOperationsBeforeIncomeTaxesExtraordinaryItemsNoncontrollingInterest,2026,2026-01-25,2026-02-25,31,True,141450000000,141450000000,False,clean
NVDA,1045810,PretaxIncome,IncomeLossFromContinuingOperationsBeforeIncomeTaxesExtraordinaryItemsNoncontrollingInterest,2025,2025-01-26,2025-02-26,31,True,84026000000,84026000000,False,clean
NVDA,1045810,PretaxIncome,IncomeLossFromContinuingOperationsBeforeIncomeTaxesExtraordinaryItemsNoncontrollingInterest,2024,2024-01-28,2024-02-21,24,True,33818000000,33818000000,False,clean
NVDA,1045810,IncomeTaxExpense,IncomeTaxExpenseBenefit,2026,2026-01-25,2026-02-25,31,True,21383000000,21383000000,False,clean
NVDA,1045810,IncomeTaxExpense,IncomeTaxExpenseBenefit,2025,2025-01-26,2025-02-26,31,True,11146000000,11146000000,False,clean
NVDA,1045810,IncomeTaxExpense,IncomeTaxExpenseBenefit,2024,2024-01-28,2024-02-21,24,True,4058000000,4058000000,False,clean
NVDA,1045810,CashAndCashEquivalents,CashAndCashEquivalentsAtCarryingValue,2026,2026-01-25,2026-02-25,31,True,10605000000,10605000000,False,clean
NVDA,1045810,CashAndCashEquivalents,CashAndCashEquivalentsAtCarryingValue,2025,2025-01-26,2025-02-26,31,True,8589000000,8589000000,False,clean
NVDA,1045810,CashAndCashEquivalents,CashAndCashEquivalentsAtCarryingValue,2024,2024-01-28,2024-02-21,24,True,7280000000,7280000000,False,clean
NVDA,1045810,CurrentAssets,AssetsCurrent,2026,2026-01-25,2026-02-25,31,True,125605000000,125605000000,False,clean
NVDA,1045810,CurrentAssets,AssetsCurrent,2025,2025-01-26,2025-02-26,31,True,80126000000,80126000000,False,clean
NVDA,1045810,CurrentAssets,AssetsCurrent,2024,2024-01-28,2024-02-21,24,True,44345000000,44345000000,False,clean
NVDA,1045810,CurrentLiabilities,LiabilitiesCurrent,2026,2026-01-25,2026-02-25,31,True,32163000000,32163000000,False,clean
NVDA,1045810,CurrentLiabilities,LiabilitiesCurrent,2025,2025-01-26,2025-02-26,31,True,18047000000,18047000000,False,clean
NVDA,1045810,CurrentLiabilities,LiabilitiesCurrent,2024,2024-01-28,2024-02-21,24,True,10631000000,10631000000,False,clean
NVDA,1045810,NetPPE,PropertyPlantAndEquipmentNet,2026,2026-01-25,2026-02-25,31,True,10383000000,10383000000,False,clean
NVDA,1045810,NetPPE,PropertyPlantAndEquipmentNet,2025,2025-01-26,2025-02-26,31,True,6283000000,6283000000,False,clean
NVDA,1045810,NetPPE,PropertyPlantAndEquipmentNet,2024,2024-01-28,2024-02-21,24,True,3914000000,3914000000,False,clean
WMT,104169,Revenue,Revenues,2026,2026-01-31,2026-03-13,41,True,713163000000,713163000000,False,clean
WMT,104169,Revenue,Revenues,2025,2025-01-31,2025-03-14,42,True,680985000000,680985000000,False,clean
WMT,104169,Revenue,Revenues,2024,2024-01-31,2024-03-15,44,True,648125000000,648125000000,False,clean
WMT,104169,NetIncome,NetIncomeLoss,2026,2026-01-31,2026-03-13,41,True,21893000000,21893000000,False,clean
WMT,104169,NetIncome,NetIncomeLoss,2025,2025-01-31,2025-03-14,42,True,19436000000,19436000000,False,clean
WMT,104169,NetIncome,NetIncomeLoss,2024,2024-01-31,2024-03-15,44,True,15511000000,15511000000,False,clean
WMT,104169,Assets,Assets,2026,2026-01-31,2026-03-13,41,True,284668000000,284668000000,False,clean
WMT,104169,Assets,Assets,2025,2025-01-31,2025-03-14,42,True,260823000000,260823000000,False,clean
WMT,104169,Assets,Assets,2024,2024-01-31,2024-03-15,44,True,252399000000,252399000000,False,clean
WMT,104169,StockholdersEquity,StockholdersEquity,2026,2026-01-31,2026-03-13,41,True,99617000000,99617000000,False,clean
WMT,104169,StockholdersEquity,StockholdersEquity,2025,2025-01-31,2025-03-14,42,True,91013000000,91013000000,False,clean
WMT,104169,StockholdersEquity,StockholdersEquity,2024,2024-01-31,2024-03-15,44,True,83861000000,83861000000,False,clean
WMT,104169,OperatingCashFlow,NetCashProvidedByUsedInOperatingActivities,2026,2026-01-31,2026-03-13,41,True,41565000000,41565000000,False,clean
WMT,104169,OperatingCashFlow,NetCashProvidedByUsedInOperatingActivities,2025,2025-01-31,2025-03-14,42,True,36443000000,36443000000,False,clean
WMT,104169,OperatingCashFlow,NetCashProvidedByUsedInOperatingActivities,2024,2024-01-31,2024-03-15,44,True,35726000000,35726000000,False,clean
WMT,104169,EPSDiluted,EarningsPerShareDiluted,2026,2026-01-31,2026-03-13,41,True,2.73,2.73,False,clean
WMT,104169,EPSDiluted,EarningsPerShareDiluted,2025,2025-01-31,2025-03-14,42,True,2.41,2.41,False,clean
WMT,104169,EPSDiluted,EarningsPerShareDiluted,2024,2024-01-31,2024-03-15,44,True,1.91,1.91,False,clean
WMT,104169,DilutedShares,WeightedAverageNumberOfDilutedSharesOutstanding,2026,2026-01-31,2026-03-13,41,True,8022000000,8022000000,False,clean
WMT,104169,DilutedShares,WeightedAverageNumberOfDilutedSharesOutstanding,2025,2025-01-31,2025-03-14,42,True,8081000000,8081000000,False,clean
WMT,104169,DilutedShares,WeightedAverageNumberOfDilutedSharesOutstanding,2024,2024-01-31,2024-03-15,44,True,8108000000,8108000000,False,clean
WMT,104169,OperatingIncome,OperatingIncomeLoss,2026,2026-01-31,2026-03-13,41,True,29825000000,29825000000,False,clean
WMT,104169,OperatingIncome,OperatingIncomeLoss,2025,2025-01-31,2025-03-14,42,True,29348000000,29348000000,False,clean
WMT,104169,OperatingIncome,OperatingIncomeLoss,2024,2024-01-31,2024-03-15,44,True,27012000000,27012000000,False,clean
WMT,104169,PretaxIncome,IncomeLossFromContinuingOperationsBeforeIncomeTaxesExtraordinaryItemsNoncontrollingInterest,2026,2026-01-31,2026-03-13,41,True,29469000000,29469000000,False,clean
WMT,104169,PretaxIncome,IncomeLossFromContinuingOperationsBeforeIncomeTaxesExtraordinaryItemsNoncontrollingInterest,2025,2025-01-31,2025-03-14,42,True,26309000000,26309000000,False,clean
WMT,104169,PretaxIncome,IncomeLossFromContinuingOperationsBeforeIncomeTaxesExtraordinaryItemsNoncontrollingInterest,2024,2024-01-31,2024-03-15,44,True,21848000000,21848000000,False,clean
WMT,104169,IncomeTaxExpense,IncomeTaxExpenseBenefit,2026,2026-01-31,2026-03-13,41,True,7199000000,7199000000,False,clean
WMT,104169,IncomeTaxExpense,IncomeTaxExpenseBenefit,2025,2025-01-31,2025-03-14,42,True,6152000000,6152000000,False,clean
WMT,104169,IncomeTaxExpense,IncomeTaxExpenseBenefit,2024,2024-01-31,2024-03-15,44,True,5578000000,5578000000,False,clean
WMT,104169,CapitalExpenditures,PaymentsToAcquirePropertyPlantAndEquipment,2026,2026-01-31,2026-03-13,41,True,26642000000,26642000000,False,clean
WMT,104169,CapitalExpenditures,PaymentsToAcquirePropertyPlantAndEquipment,2025,2025-01-31,2025-03-14,42,True,23783000000,23783000000,False,clean
WMT,104169,CapitalExpenditures,PaymentsToAcquirePropertyPlantAndEquipment,2024,2024-01-31,2024-03-15,44,True,20606000000,20606000000,False,clean
WMT,104169,CashAndCashEquivalents,CashAndCashEquivalentsAtCarryingValue,2026,2026-01-31,2026-03-13,41,True,10727000000,10727000000,False,clean
WMT,104169,CashAndCashEquivalents,CashAndCashEquivalentsAtCarryingValue,2025,2025-01-31,2025-03-14,42,True,9037000000,9037000000,False,clean
WMT,104169,CashAndCashEquivalents,CashAndCashEquivalentsAtCarryingValue,2024,2024-01-31,2024-03-15,44,True,9867000000,9867000000,False,clean
WMT,104169,CurrentAssets,AssetsCurrent,2026,2026-01-31,2026-03-13,41,True,84874000000,84874000000,False,clean
WMT,104169,CurrentAssets,AssetsCurrent,2025,2025-01-31,2025-03-14,42,True,79458000000,79458000000,False,clean
WMT,104169,CurrentAssets,AssetsCurrent,2024,2024-01-31,2024-03-15,44,True,76877000000,76877000000,False,clean
WMT,104169,CurrentLiabilities,LiabilitiesCurrent,2026,2026-01-31,2026-03-13,41,True,107469000000,107469000000,False,clean
WMT,104169,CurrentLiabilities,LiabilitiesCurrent,2025,2025-01-31,2025-03-14,42,True,96584000000,96584000000,False,clean
WMT,104169,CurrentLiabilities,LiabilitiesCurrent,2024,2024-01-31,2024-03-15,44,True,92415000000,92415000000,False,clean
WMT,104169,NetPPE,PropertyPlantAndEquipmentNet,2026,2026-01-31,2026-03-13,41,True,136083000000,136083000000,False,clean
WMT,104169,NetPPE,PropertyPlantAndEquipmentNet,2025,2025-01-31,2025-03-14,42,True,119993000000,119993000000,False,clean
WMT,104169,NetPPE,PropertyPlantAndEquipmentNet,2024,2024-01-31,2024-03-15,44,True,110810000000,110810000000,False,clean
NFLX,1065280,Revenue,Revenues,2025,2025-12-31,2026-01-23,23,True,45183036000,45183036000,False,clean
NFLX,1065280,Revenue,Revenues,2024,2024-12-31,2025-01-27,27,True,39000966000,39000966000,False,clean
NFLX,1065280,Revenue,Revenues,2023,2023-12-31,2024-01-26,26,True,33723297000,33723297000,False,clean
NFLX,1065280,NetIncome,NetIncomeLoss,2025,2025-12-31,2026-01-23,23,True,10981201000,10981201000,False,clean
NFLX,1065280,NetIncome,NetIncomeLoss,2024,2024-12-31,2025-01-27,27,True,8711631000,8711631000,False,clean
NFLX,1065280,NetIncome,NetIncomeLoss,2023,2023-12-31,2024-01-26,26,True,5407990000,5407990000,False,clean
NFLX,1065280,Assets,Assets,2025,2025-12-31,2026-01-23,23,True,55596993000,55596993000,False,clean
NFLX,1065280,Assets,Assets,2024,2024-12-31,2025-01-27,27,True,53630374000,53630374000,False,clean
NFLX,1065280,Assets,Assets,2023,2023-12-31,2024-01-26,26,True,48731992000,48731992000,False,clean
NFLX,1065280,StockholdersEquity,StockholdersEquity,2025,2025-12-31,2026-01-23,23,True,26615488000,26615488000,False,clean
NFLX,1065280,StockholdersEquity,StockholdersEquity,2024,2024-12-31,2025-01-27,27,True,24743567000,24743567000,False,clean
NFLX,1065280,StockholdersEquity,StockholdersEquity,2023,2023-12-31,2024-01-26,26,True,20588313000,20588313000,False,clean
NFLX,1065280,OperatingCashFlow,NetCashProvidedByUsedInOperatingActivities,2025,2025-12-31,2026-01-23,23,True,10149273000,10149273000,False,clean
NFLX,1065280,OperatingCashFlow,NetCashProvidedByUsedInOperatingActivities,2024,2024-12-31,2025-01-27,27,True,7361364000,7361364000,False,clean
NFLX,1065280,OperatingCashFlow,NetCashProvidedByUsedInOperatingActivities,2023,2023-12-31,2024-01-26,26,True,7274301000,7274301000,False,clean
NFLX,1065280,EPSDiluted,EarningsPerShareDiluted,2025,2025-12-31,2026-01-23,23,True,2.53,2.53,False,clean
NFLX,1065280,EPSDiluted,EarningsPerShareDiluted,2024,2024-12-31,2025-01-27,27,True,19.83,1.98,True,clean
NFLX,1065280,EPSDiluted,EarningsPerShareDiluted,2023,2023-12-31,2024-01-26,26,True,12.03,1.2,True,clean
NFLX,1065280,DilutedShares,WeightedAverageNumberOfDilutedSharesOutstanding,2025,2025-12-31,2026-01-23,23,True,4343863000,4343863000,False,clean
NFLX,1065280,DilutedShares,WeightedAverageNumberOfDilutedSharesOutstanding,2024,2024-12-31,2025-01-27,27,True,439261000,4392608000,True,clean
NFLX,1065280,DilutedShares,WeightedAverageNumberOfDilutedSharesOutstanding,2023,2023-12-31,2024-01-26,26,True,449498000,4494966000,True,clean
NFLX,1065280,OperatingIncome,OperatingIncomeLoss,2025,2025-12-31,2026-01-23,23,True,13326603000,13326603000,False,clean
NFLX,1065280,OperatingIncome,OperatingIncomeLoss,2024,2024-12-31,2025-01-27,27,True,10417614000,10417614000,False,clean
NFLX,1065280,OperatingIncome,OperatingIncomeLoss,2023,2023-12-31,2024-01-26,26,True,6954003000,6954003000,False,clean
NFLX,1065280,PretaxIncome,IncomeLossFromContinuingOperationsBeforeIncomeTaxesExtraordinaryItemsNoncontrollingInterest,2025,2025-12-31,2026-01-23,23,True,12722552000,12722552000,False,clean
NFLX,1065280,PretaxIncome,IncomeLossFromContinuingOperationsBeforeIncomeTaxesExtraordinaryItemsNoncontrollingInterest,2024,2024-12-31,2025-01-27,27,True,9965657000,9965657000,False,clean
NFLX,1065280,PretaxIncome,IncomeLossFromContinuingOperationsBeforeIncomeTaxesExtraordinaryItemsNoncontrollingInterest,2023,2023-12-31,2024-01-26,26,True,6205405000,6205405000,False,clean
NFLX,1065280,IncomeTaxExpense,IncomeTaxExpenseBenefit,2025,2025-12-31,2026-01-23,23,True,1741351000,1741351000,False,clean
NFLX,1065280,IncomeTaxExpense,IncomeTaxExpenseBenefit,2024,2024-12-31,2025-01-27,27,True,1254026000,1254026000,False,clean
NFLX,1065280,IncomeTaxExpense,IncomeTaxExpenseBenefit,2023,2023-12-31,2024-01-26,26,True,797415000,797415000,False,clean
NFLX,1065280,CapitalExpenditures,PaymentsToAcquirePropertyPlantAndEquipment,2025,2025-12-31,2026-01-23,23,True,688220000,688220000,False,clean
NFLX,1065280,CapitalExpenditures,PaymentsToAcquirePropertyPlantAndEquipment,2024,2024-12-31,2025-01-27,27,True,439538000,439538000,False,clean
NFLX,1065280,CapitalExpenditures,PaymentsToAcquirePropertyPlantAndEquipment,2023,2023-12-31,2024-01-26,26,True,348552000,348552000,False,clean
NFLX,1065280,CashAndCashEquivalents,CashAndCashEquivalentsAtCarryingValue,2025,2025-12-31,2026-01-23,23,True,9033681000,9033681000,False,clean
NFLX,1065280,CashAndCashEquivalents,CashAndCashEquivalentsAtCarryingValue,2024,2024-12-31,2025-01-27,27,True,7804733000,7804733000,False,clean
NFLX,1065280,CashAndCashEquivalents,CashAndCashEquivalentsAtCarryingValue,2023,2023-12-31,2024-01-26,26,True,7116913000,7116913000,False,clean
NFLX,1065280,CurrentAssets,AssetsCurrent,2025,2025-12-31,2026-01-23,23,True,13020191000,13020191000,False,clean
NFLX,1065280,CurrentAssets,AssetsCurrent,2024,2024-12-31,2025-01-27,27,True,13100379000,13100379000,False,clean
NFLX,1065280,CurrentAssets,AssetsCurrent,2023,2023-12-31,2024-01-26,26,True,9918133000,9918133000,False,clean
NFLX,1065280,CurrentLiabilities,LiabilitiesCurrent,2025,2025-12-31,2026-01-23,23,True,10980930000,10980930000,False,clean
NFLX,1065280,CurrentLiabilities,LiabilitiesCurrent,2024,2024-12-31,2025-01-27,27,True,10755400000,10755400000,False,clean
NFLX,1065280,CurrentLiabilities,LiabilitiesCurrent,2023,2023-12-31,2024-01-26,26,True,8860655000,8860655000,False,clean
NFLX,1065280,NetPPE,PropertyPlantAndEquipmentNet,2025,2025-12-31,2026-01-23,23,True,2004350000,2004350000,False,clean
NFLX,1065280,NetPPE,PropertyPlantAndEquipmentNet,2024,2024-12-31,2025-01-27,27,True,1593756000,1593756000,False,clean
NFLX,1065280,NetPPE,PropertyPlantAndEquipmentNet,2023,2023-12-31,2024-01-26,26,True,1491444000,1491444000,False,clean
HON,773840,Revenue,RevenueFromContractWithCustomerExcludingAssessedTax,2025,2025-12-31,2026-02-17,48,True,37442000000,37442000000,False,clean
HON,773840,Revenue,RevenueFromContractWithCustomerExcludingAssessedTax,2024,2024-12-31,2025-02-14,45,True,38498000000,34717000000,True,clean
HON,773840,Revenue,RevenueFromContractWithCustomerExcludingAssessedTax,2023,2023-12-31,2024-02-16,47,True,36662000000,33009000000,True,clean
HON,773840,NetIncome,NetIncomeLoss,2025,2025-12-31,2026-02-17,48,True,4729000000,4729000000,False,clean
HON,773840,NetIncome,NetIncomeLoss,2024,2024-12-31,2025-02-14,45,True,5705000000,5705000000,False,clean
HON,773840,NetIncome,NetIncomeLoss,2023,2023-12-31,2024-02-16,47,True,5658000000,5658000000,False,clean
HON,773840,Assets,Assets,2025,2025-12-31,2026-02-17,48,True,73681000000,73681000000,False,clean
HON,773840,Assets,Assets,2024,2024-12-31,2025-02-14,45,True,75196000000,75196000000,False,clean
HON,773840,Assets,Assets,2023,2023-12-31,2024-02-16,47,True,61525000000,61525000000,False,clean
HON,773840,StockholdersEquity,StockholdersEquity,2025,2025-12-31,2026-02-17,48,True,13904000000,13904000000,False,clean
HON,773840,StockholdersEquity,StockholdersEquity,2024,2024-12-31,2025-02-14,45,True,18619000000,18619000000,False,clean
HON,773840,StockholdersEquity,StockholdersEquity,2023,2023-12-31,2024-02-16,47,True,15856000000,15856000000,False,clean
HON,773840,OperatingCashFlow,NetCashProvidedByUsedInOperatingActivities,2025,2025-12-31,2026-02-17,48,True,6408000000,6408000000,False,clean
HON,773840,OperatingCashFlow,NetCashProvidedByUsedInOperatingActivities,2024,2024-12-31,2025-02-14,45,True,6097000000,6097000000,False,clean
HON,773840,OperatingCashFlow,NetCashProvidedByUsedInOperatingActivities,2023,2023-12-31,2024-02-16,47,True,5340000000,5340000000,False,clean
HON,773840,EPSDiluted,EarningsPerShareDiluted,2025,2025-12-31,2026-02-17,48,True,7.36,7.36,False,clean
HON,773840,EPSDiluted,EarningsPerShareDiluted,2024,2024-12-31,2025-02-14,45,True,8.71,8.71,False,clean
HON,773840,EPSDiluted,EarningsPerShareDiluted,2023,2023-12-31,2024-02-16,47,True,8.47,8.47,False,clean
HON,773840,DilutedShares,WeightedAverageNumberOfDilutedSharesOutstanding,2025,2025-12-31,2026-02-17,48,True,642800000,642800000,False,clean
HON,773840,DilutedShares,WeightedAverageNumberOfDilutedSharesOutstanding,2024,2024-12-31,2025-02-14,45,True,655300000,655300000,False,clean
HON,773840,DilutedShares,WeightedAverageNumberOfDilutedSharesOutstanding,2023,2023-12-31,2024-02-16,47,True,668200000,668200000,False,clean
HON,773840,OperatingIncome,OperatingIncomeLoss,2025,2025-12-31,2026-02-17,48,True,8127000000,8127000000,False,clean
HON,773840,OperatingIncome,OperatingIncomeLoss,2024,2024-12-31,2025-02-14,45,True,8699000000,7667000000,True,clean
HON,773840,OperatingIncome,OperatingIncomeLoss,2023,2023-12-31,2025-02-14,411,False,8598000000,7563000000,True,FLAG:lag_out_of_range
HON,773840,PretaxIncome,IncomeLossFromContinuingOperationsBeforeIncomeTaxesExtraordinaryItemsNoncontrollingInterest,2025,2025-12-31,2026-02-17,48,True,5476000000,5476000000,False,clean
HON,773840,PretaxIncome,IncomeLossFromContinuingOperationsBeforeIncomeTaxesExtraordinaryItemsNoncontrollingInterest,2024,2024-12-31,2025-02-14,45,True,7213000000,6244000000,True,clean
HON,773840,PretaxIncome,IncomeLossFromContinuingOperationsBeforeIncomeTaxesExtraordinaryItemsNoncontrollingInterest,2023,2023-12-31,2024-02-16,47,True,7159000000,6191000000,True,clean
HON,773840,IncomeTaxExpense,IncomeTaxExpenseBenefit,2025,2025-12-31,2026-02-17,48,True,1008000000,1008000000,False,clean
HON,773840,IncomeTaxExpense,IncomeTaxExpenseBenefit,2024,2024-12-31,2025-02-14,45,True,1473000000,1249000000,True,clean
HON,773840,IncomeTaxExpense,IncomeTaxExpenseBenefit,2023,2023-12-31,2024-02-16,47,True,1487000000,1262000000,True,clean
HON,773840,CapitalExpenditures,PaymentsToAcquirePropertyPlantAndEquipment,2025,2025-12-31,2026-02-17,48,True,986000000,986000000,False,clean
HON,773840,CapitalExpenditures,PaymentsToAcquirePropertyPlantAndEquipment,2024,2024-12-31,2025-02-14,45,True,1164000000,871000000,True,clean
HON,773840,CapitalExpenditures,PaymentsToAcquirePropertyPlantAndEquipment,2023,2023-12-31,2024-02-16,47,True,1039000000,741000000,True,clean
HON,773840,CashAndCashEquivalents,CashAndCashEquivalentsAtCarryingValue,2025,2025-12-31,2026-02-17,48,True,12487000000,12487000000,False,clean
HON,773840,CashAndCashEquivalents,CashAndCashEquivalentsAtCarryingValue,2024,2024-12-31,2025-02-14,45,True,10567000000,9906000000,True,clean
HON,773840,CashAndCashEquivalents,CashAndCashEquivalentsAtCarryingValue,2023,2023-12-31,2024-02-16,47,True,7925000000,7925000000,False,clean
HON,773840,CurrentAssets,AssetsCurrent,2025,2025-12-31,2026-02-17,48,True,30387000000,30387000000,False,clean
HON,773840,CurrentAssets,AssetsCurrent,2024,2024-12-31,2025-02-14,45,True,27908000000,27908000000,False,clean
HON,773840,CurrentAssets,AssetsCurrent,2023,2023-12-31,2024-02-16,47,True,23502000000,23502000000,False,clean
HON,773840,CurrentLiabilities,LiabilitiesCurrent,2025,2025-12-31,2026-02-17,48,True,23414000000,23414000000,False,clean
HON,773840,CurrentLiabilities,LiabilitiesCurrent,2024,2024-12-31,2025-02-14,45,True,21256000000,21256000000,False,clean
HON,773840,CurrentLiabilities,LiabilitiesCurrent,2023,2023-12-31,2024-02-16,47,True,18539000000,18539000000,False,clean
